SIREN,ID_Dirigeant
356000000,1
356000000,2
356000000,3
552081317,4
552081317,5
552081317,6
662025196,7
662025196,8
662025196,9
662025196,10
662025196,11
552120222,12
552120222,16
552120222,43
552120222,54
412280737,13
412280737,14
412280737,15
775672272,12
775672272,16
775672272,43
775672272,54
662042449,17
662042449,18
662042449,19
380129866,20
380129866,21
380129866,22
632041042,23
632041042,24
343262622,25
343262622,26
343262622,27
343262622,28
542076799,29
542076799,30
542076799,31
519037584,32
519037584,33
519037584,34
954509741,35
954509741,36
954509741,37
954509741,38
954509741,39
954509741,40
954509741,41
954509741,42
775676182,12
775676182,16
775676182,43
775676182,54
345130488,44
345130488,45
345130488,46
722003936,47
477181010,48
477181010,49
477181010,50
444608442,51
444608442,52
444608442,53
339930984,12
339930984,16
339930984,43
339930984,54
784939688,55
784939688,56
784939688,57
784939688,58
